location,bedrooms,sqft,bathrooms,property_age,parking,stories,price
Bhopal,1,2029,1,21,2,3,1898761.68
Pune,2,1910,2,4,2,1,2919710.26
Bhopal,6,3210,1,0,2,4,4095458.17
Bengaluru,1,1748,1,5,0,2,2272381.22
Ahmedabad,5,2682,1,12,2,2,3148013.97
Coimbatore,6,3372,4,4,0,4,4390614.88
Lucknow,3,2023,1,13,0,4,2414852.16
Delhi,3,2216,2,15,0,3,3615431.66
Hyderabad,1,2118,4,18,0,3,3052079.51
Visakhapatnam,3,2343,3,2,0,4,3292127.98
Ahmedabad,1,2103,4,3,0,3,2950028.78
Visakhapatnam,6,2901,3,27,2,2,3749183.06
Coimbatore,1,2113,1,9,2,2,1878668.76
Nagpur,3,2982,1,5,0,1,2162278.77
Kolkata,3,2812,4,2,2,3,4073890.59
Chennai,3,2237,3,8,0,3,3453713.99
Coimbatore,6,2680,1,8,2,2,3818054.67
Ahmedabad,6,2626,2,24,0,4,3816998.27
Kolkata,3,2204,2,0,2,3,3581629.95
Visakhapatnam,1,2171,2,21,0,3,1959704.22
Kolkata,3,2041,1,25,0,3,2402279.71
Pune,6,2767,4,1,1,4,5729913.04
Chennai,3,2092,2,21,0,3,2958024.01
Coimbatore,5,3197,4,14,2,4,4483317.37
Delhi,2,2294,2,22,2,4,3655177.43
Hyderabad,1,2288,1,14,0,2,2031922.55
Nagpur,6,2478,4,0,2,1,3980346.3
Kolkata,4,2431,4,15,2,3,4276392.19
Ahmedabad,1,1842,1,12,2,3,2241749.11
Nagpur,6,2834,3,2,0,3,3792799.35
Kolkata,2,2229,4,27,0,3,2797047.95
Ahmedabad,2,2210,1,26,2,3,2483860.4
Visakhapatnam,6,2782,2,26,0,3,3431556.89
Nagpur,2,2436,1,26,2,3,2108382.4
Jaipur,1,1717,1,6,1,3,2138482.34
Pune,1,2351,2,25,2,1,2143941.88
Hyderabad,6,3161,4,12,0,2,4974617.14
Chennai,6,3057,4,10,2,2,5307610.88
Mumbai,5,2938,4,15,0,2,5230662.5
Coimbatore,3,2374,4,29,2,3,3477135.05
Jaipur,5,2481,4,8,0,2,3932905.73
Pune,1,2166,3,15,0,2,2378816.09
Lucknow,2,2029,1,4,0,1,1851743.48
Pune,1,1988,1,7,1,1,1962539.98
Ahmedabad,2,2617,3,7,2,4,3456772.56
Pune,5,2531,2,18,2,4,4706474.09
Pune,4,2952,4,2,0,1,4187157.08
Hyderabad,6,3031,4,5,1,4,5948439.11
Kolkata,4,2465,1,20,2,1,2803580.92
Bengaluru,4,2682,3,6,0,2,4374039.68
Pune,2,2163,4,20,0,4,3531541.69
Chennai,3,2781,4,4,0,1,3562638.41
Jaipur,5,2416,1,27,0,1,2613939.02
Hyderabad,2,2107,2,19,1,4,3358475.82
Jaipur,2,2499,4,15,0,2,2965761.73
Kolkata,1,2175,4,26,1,4,2908305.99
Mumbai,4,2867,4,10,0,2,4919021.34
Mumbai,2,2417,1,26,2,1,2618835.06
Coimbatore,3,2325,1,19,0,4,2615823.79
Ahmedabad,5,2798,2,0,0,1,3347144.57
Visakhapatnam,2,2156,1,0,2,1,2106956.23
Bhopal,2,2485,4,20,0,2,2273208.41
Lucknow,5,2310,1,21,2,1,2962828.43
Kolkata,6,2844,3,22,1,2,3963985.43
Bhopal,6,3290,3,19,0,3,3716567.71
Kolkata,2,2094,3,11,1,3,3056040.22
Nagpur,1,1668,1,29,1,1,1076710.77
Hyderabad,5,2968,2,18,2,3,4543277.46
Chennai,3,2263,1,17,0,3,3076814.79
Mumbai,2,2074,4,21,2,3,4371813.64
Lucknow,6,2521,1,28,2,3,3563248.89
Bhopal,1,1987,2,28,1,1,1582341.1
Hyderabad,6,2699,2,25,1,3,4403626.73
Lucknow,2,2079,3,16,0,3,2444411.96
Ahmedabad,4,2725,3,17,0,1,2943293.09
Bhopal,4,2740,3,29,0,1,2404831.57
Delhi,2,2335,3,26,0,4,3360943.06
Ahmedabad,6,3386,4,21,2,1,4289278.63
Hyderabad,1,1661,2,24,2,1,2118828.6
Visakhapatnam,3,2459,2,27,1,2,2417722.5
Bengaluru,3,2633,3,23,0,3,4356646.38
Pune,6,3266,2,23,2,1,4318133.51
Delhi,5,2898,4,11,2,2,5498616.91
Pune,2,2242,2,1,1,1,2654688.93
Chennai,6,3641,3,8,1,2,4709933.08
Mumbai,2,1972,1,1,1,1,2952545.45
Visakhapatnam,4,2437,2,3,0,4,3379630.87
Delhi,3,2785,2,6,0,1,3274790.62
Bhopal,2,2250,4,1,1,3,3050425.03
Visakhapatnam,1,2761,3,19,1,4,2749360.05
Bhopal,5,2333,3,23,0,1,2875246.32
Mumbai,2,2204,3,2,0,1,3176975.32
Lucknow,4,2811,3,12,2,3,3713220.82
Kolkata,5,2533,1,7,1,2,3410265.97
Mumbai,1,2719,4,19,0,2,3299986.01
Delhi,4,2538,1,18,2,3,4305760.72
Lucknow,3,1864,1,10,2,3,2713096.71
Ahmedabad,3,2558,4,2,1,4,4049865.08
Coimbatore,3,1537,2,5,0,4,2830403.48
Bhopal,4,2041,2,18,2,3,2930645.46
Kolkata,5,2505,1,11,1,3,3612574.87
Pune,4,2695,3,25,1,4,4408868.63
Jaipur,6,2664,2,2,2,4,4740398.02
Nagpur,6,2867,2,17,2,1,3259034.59
Mumbai,5,2889,3,11,0,2,4999769.88
Bhopal,3,2220,2,16,0,2,2556170.12
Bengaluru,1,1980,2,28,1,1,2262314.06
Jaipur,4,2433,2,9,2,4,3898119.99
Jaipur,4,2406,2,3,0,1,3050384.65
Nagpur,1,2507,4,26,0,2,2123373.03
Nagpur,6,3371,4,8,0,2,3777606.46
Visakhapatnam,1,2403,4,24,0,4,2397603.85
Bhopal,5,2854,3,11,1,4,3813427.69
Visakhapatnam,5,2806,4,27,0,4,3842670.88
Jaipur,3,2323,2,22,2,3,3236667.42
Nagpur,5,2873,4,27,2,2,3472607.77
Mumbai,4,2779,1,9,2,3,4610576.66
Pune,3,2437,3,0,1,1,3559086.37
Chennai,2,2284,2,28,1,2,2568410.43
Coimbatore,2,2577,1,13,1,4,2674757.25
Delhi,5,2718,4,20,1,1,4555341.97
Pune,4,3000,4,23,2,1,4062546.73
Visakhapatnam,5,2976,4,1,1,1,3581455.88
Delhi,3,2076,4,26,1,2,4131748.98
Jaipur,2,2105,3,4,1,4,3268050.7
Bengaluru,4,2839,3,3,2,4,5711249.49
Coimbatore,2,2503,4,2,0,1,2584436.82
Kolkata,5,2765,1,2,0,4,3894262.99
Chennai,4,2183,2,24,0,3,3275333.05
Kolkata,3,2207,2,2,1,3,3444933.76
Delhi,4,2760,3,12,1,3,4829914.75
Visakhapatnam,1,2181,4,14,0,1,2031090.86
Delhi,2,2163,1,22,2,1,2500443.39
Nagpur,1,2148,2,11,0,1,1521152.76
Lucknow,2,2379,2,6,0,4,2592081.34
Bhopal,1,2038,2,29,1,3,1977735.32
Nagpur,3,2405,2,29,2,1,2095543.83
Nagpur,2,2911,3,20,0,1,2003538.2
Mumbai,5,3539,4,17,1,2,5379902.49
Hyderabad,5,2711,2,18,0,3,4214104.7
Visakhapatnam,6,2581,1,13,2,1,3199071.28
Delhi,5,3248,4,2,2,3,5677769.84
Hyderabad,5,2948,3,9,0,4,5061537.3
Visakhapatnam,4,2588,1,4,1,3,3114466.06
Bhopal,4,2216,2,27,1,2,2837148.65
Coimbatore,5,2840,3,24,2,4,3991733.46
Jaipur,4,2234,3,29,1,2,3338288.28
Visakhapatnam,1,2211,3,14,1,2,2202077.16
Nagpur,4,2385,4,1,1,1,3050760.0
Jaipur,3,2447,2,29,1,2,2638825.59
Delhi,3,2501,3,23,1,3,3982457.37
Ahmedabad,1,1938,2,3,0,2,1827113.58
Coimbatore,4,2831,4,6,2,2,3876522.66
Coimbatore,4,3075,4,10,1,1,3581714.52
Hyderabad,3,2466,2,15,1,2,3217187.22
Mumbai,6,3069,3,25,1,3,5825269.74
Kolkata,6,3575,3,26,1,4,4748530.9
Mumbai,3,2234,3,0,0,1,3845813.87
Coimbatore,2,2487,3,21,0,2,2483065.79
Pune,2,2327,4,0,1,3,3781450.36
Hyderabad,2,2595,3,11,0,3,3110353.26
Chennai,3,2490,1,10,2,2,3231311.66
Mumbai,1,2290,1,11,2,3,3148653.37
Coimbatore,2,2695,4,28,0,1,2312234.07
Lucknow,3,2177,4,13,1,4,3473245.68
Delhi,2,2078,1,9,1,4,3455860.92
Hyderabad,1,1920,4,2,1,1,3121832.71
Lucknow,6,2513,1,10,0,2,3278967.39
Nagpur,5,2843,3,20,0,2,3107900.08
Hyderabad,5,2863,4,1,2,2,5166630.24
Nagpur,5,2842,4,5,1,4,3838557.26
Mumbai,5,2607,4,10,1,1,5194990.66
Lucknow,6,3310,1,1,0,2,3427273.63
Mumbai,6,2933,1,2,0,2,5034993.61
Chennai,5,2590,1,24,0,1,3074834.65
Kolkata,4,2608,4,6,1,1,3757438.13
Pune,3,2428,3,18,2,4,3781223.06
Hyderabad,6,2757,2,22,1,2,4136625.59
Kolkata,1,2169,2,15,2,2,2391976.82
Mumbai,2,1827,1,13,0,2,2706728.49
Nagpur,3,2082,3,8,1,1,2524057.64
Jaipur,6,2991,3,9,2,4,4853506.49
Mumbai,5,2811,4,3,1,1,5263360.04
Lucknow,1,2316,4,20,2,3,2851738.89
Lucknow,3,2257,1,2,0,2,2552260.7
Bhopal,5,3237,1,22,2,3,3328394.12
Lucknow,1,1750,2,8,1,4,2395309.36
Mumbai,2,2802,4,17,2,4,4681037.69
Hyderabad,4,2316,3,3,1,3,4523421.91
Delhi,6,2680,1,4,0,3,4701176.85
Kolkata,6,3005,4,5,1,4,4978207.11
Visakhapatnam,5,1969,1,29,1,1,2589878.66
Delhi,3,2437,3,29,0,4,3767151.26
Visakhapatnam,5,2681,1,7,2,4,3667667.69
Kolkata,1,2150,2,27,2,3,2257073.37
Lucknow,4,3331,4,8,0,2,3594747.66
Mumbai,5,2567,2,9,1,4,5473034.44
Coimbatore,4,2512,1,7,0,2,2362165.42
Coimbatore,2,2387,3,8,2,1,2556312.0
Ahmedabad,4,2143,1,14,0,1,2432056.52
Jaipur,1,1850,2,10,1,3,2386977.84
Ahmedabad,6,2883,3,20,1,4,4405289.53
Jaipur,2,2577,4,14,2,2,3386834.03
Kolkata,2,1739,2,27,0,3,2167315.31
Nagpur,4,2776,3,28,2,3,3023377.78
Visakhapatnam,1,2266,3,25,2,3,2569398.49
Visakhapatnam,5,3067,4,6,0,4,3978763.56
Ahmedabad,4,2597,3,24,1,4,3535517.76
Jaipur,3,2455,2,10,2,2,3345255.1
Lucknow,4,2489,2,24,1,1,2714643.83
Delhi,6,2630,4,13,2,4,6172190.64
Kolkata,6,3193,2,15,1,1,3670534.2
Chennai,5,2945,3,11,0,4,4656468.44
Hyderabad,5,3212,4,18,0,2,4511533.65
Kolkata,6,2535,2,4,0,4,4476852.49
Nagpur,3,2632,3,16,2,4,3287871.25
Bhopal,1,2187,3,4,2,4,2837406.67
Delhi,6,2876,4,22,2,1,5247017.03
Lucknow,1,2038,2,22,2,3,2160832.71
Pune,6,2709,1,24,1,1,3726592.44
Nagpur,6,2729,1,23,1,2,2844097.35
Coimbatore,3,2148,1,21,0,3,2262002.51
Nagpur,1,2366,3,20,1,3,2307322.54
Kolkata,2,1775,2,10,2,4,3208645.72
Lucknow,6,2457,2,13,0,2,3586132.72
Hyderabad,5,3026,4,18,2,2,5242930.19
Jaipur,5,2768,2,20,0,4,3774959.19
Bhopal,3,2676,4,4,1,1,2996043.6
Nagpur,4,3169,3,12,2,2,3325139.41
Hyderabad,4,2727,3,27,2,3,4290544.65
Bhopal,4,2422,3,29,1,3,3005106.77
Pune,4,3460,4,11,0,2,4117826.32
Kolkata,5,2818,3,24,2,3,4078283.87
Coimbatore,3,2481,1,27,2,4,2549801.52
Mumbai,1,1564,1,22,2,4,2941269.75
Visakhapatnam,3,1989,2,13,2,3,2881361.38
Pune,6,2856,2,14,2,3,4754580.37
Bhopal,6,3129,2,10,2,1,3498247.73
Bhopal,6,3280,1,0,1,4,3975275.8
Bengaluru,5,2595,3,28,2,2,4952099.32
Hyderabad,3,2430,3,2,2,4,4428804.89
Chennai,2,2200,2,17,2,3,3253320.72
Ahmedabad,5,2863,3,6,0,3,3809528.39
Visakhapatnam,4,2650,3,5,2,3,3641164.39
Nagpur,1,2251,4,16,0,2,1998120.03
Nagpur,2,2801,4,13,2,3,2621258.84
Hyderabad,4,2763,1,4,1,1,3147143.97
Jaipur,3,2575,3,28,2,4,3469276.45
Visakhapatnam,6,2674,3,19,0,2,3406495.6
Jaipur,1,2045,3,4,2,2,2720142.22
Bhopal,1,2503,4,0,2,3,3080940.41
Bhopal,4,2256,1,20,0,1,2049259.78
Bengaluru,3,2483,4,19,0,1,3796413.55
Pune,5,2648,2,7,1,4,4507611.67
Delhi,6,3344,4,24,2,2,5680488.4
Kolkata,6,3228,1,6,1,4,4188910.88
Mumbai,1,2294,3,0,0,4,3791827.63
Jaipur,2,1885,3,26,0,3,2744791.43
Ahmedabad,6,2904,3,7,0,4,4457168.31
Mumbai,2,2422,1,8,1,1,2640958.75
Bhopal,2,1747,1,16,0,3,2134971.5
Pune,2,1744,2,28,0,2,2184822.13
Lucknow,2,2058,2,26,1,2,2150211.93
Nagpur,5,2872,1,23,1,2,2681417.01
Chennai,5,2765,3,8,0,1,3984775.03
Bhopal,1,2580,2,7,0,3,2127238.87
Nagpur,2,2364,3,29,0,2,1946906.0
Mumbai,1,1685,2,8,2,4,3763241.09
Ahmedabad,1,1950,1,8,1,4,2173005.27
Nagpur,3,2781,1,24,1,2,2174371.99
Lucknow,1,2206,3,18,1,1,2076492.12
Bengaluru,4,2539,4,27,1,1,4330279.37
Jaipur,6,2681,4,15,0,1,3817518.16
Delhi,5,2649,2,18,0,2,4144712.3
Mumbai,5,2701,3,8,1,3,5330988.47
Jaipur,5,3328,4,8,0,1,3698837.87
Visakhapatnam,6,2673,2,19,1,4,4142033.05
Pune,4,2704,3,6,1,4,4485849.22
Kolkata,6,2650,1,14,1,4,4138621.18
Delhi,6,2600,3,23,1,2,5117924.66
Bhopal,4,2430,1,20,0,1,2363874.08
Hyderabad,4,2034,1,24,2,3,3613748.64
Nagpur,2,2244,1,8,2,3,2431470.53
Bhopal,1,1801,4,2,1,4,2996860.82
Visakhapatnam,6,2780,1,5,1,3,3689072.65
Delhi,1,2296,2,21,0,4,2862733.88
Pune,1,2285,3,20,2,3,3145360.69
Hyderabad,3,2262,2,14,1,1,3130792.2
Lucknow,6,3151,3,5,0,2,3845540.72
Mumbai,6,3252,3,1,1,3,6189767.32
Bengaluru,2,1918,2,27,2,4,3849093.94
Hyderabad,2,2373,1,25,0,2,2183376.91
Kolkata,4,3043,4,1,1,2,3965254.23
Delhi,3,2134,3,3,2,1,4099413.8
Bengaluru,2,2257,2,10,2,1,3231269.57
Bhopal,1,2072,3,9,1,4,2574389.37
Jaipur,5,3356,4,9,1,3,4430048.97
Pune,5,2845,1,18,1,4,4112102.86
Hyderabad,3,2641,4,28,2,3,4278993.25
Bengaluru,2,2758,4,12,2,1,3889931.79
Bengaluru,2,2917,3,26,0,2,3106350.77
Nagpur,3,2062,3,22,1,1,2097990.12
Bengaluru,4,2690,4,10,0,2,4633483.85
Kolkata,5,2478,2,7,2,3,3986552.17
Hyderabad,4,2430,1,11,1,1,3256693.77
Jaipur,1,1861,3,28,2,4,2835254.19
Lucknow,4,3055,4,28,1,1,3036772.34
Kolkata,1,2740,3,5,0,4,2794860.37
Visakhapatnam,6,3083,3,18,0,4,3992665.35
Visakhapatnam,1,1611,2,5,1,4,2408865.96
Ahmedabad,1,2097,4,23,1,3,2538147.35
Pune,3,2251,2,29,0,1,2407782.41
Ahmedabad,5,3109,2,20,1,3,3491116.64
Coimbatore,6,3009,2,6,0,1,3385623.68
Chennai,3,2432,2,17,0,2,2787305.51
Nagpur,6,2581,1,26,0,4,3126824.74
Jaipur,5,2820,4,26,2,3,4229303.81
Visakhapatnam,6,3181,3,16,0,4,4100871.56
Hyderabad,4,2753,4,11,2,3,4780839.13
Nagpur,3,2489,1,14,1,1,1905526.95
Mumbai,4,2665,4,25,0,1,4222741.55
Delhi,3,1354,1,17,2,1,2923797.01
Lucknow,5,2852,4,20,1,1,3601045.71
Jaipur,5,2313,2,26,1,4,3795366.03
Ahmedabad,2,2233,1,25,1,1,1903733.83
Nagpur,3,2365,1,25,2,2,2288865.84
Bengaluru,2,2717,4,18,1,2,4010566.87
Delhi,3,2331,3,26,1,4,4220288.15
Nagpur,3,2216,1,10,2,3,2591101.64
Hyderabad,3,2080,1,24,2,4,3577522.66
Mumbai,3,2387,2,0,1,1,3965872.82
Lucknow,6,3132,2,29,1,3,3424615.23
Bhopal,6,2806,4,19,0,1,3565238.03
Mumbai,5,3368,4,3,2,3,6313566.05
Visakhapatnam,2,2144,1,28,2,4,2553735.99
Ahmedabad,3,2574,1,27,1,3,2332813.89
Chennai,2,2203,3,9,1,2,3233747.5
Pune,2,2105,2,17,0,3,2740207.71
Visakhapatnam,1,2210,1,1,2,3,2076961.57
Nagpur,5,2835,2,0,2,4,3667538.35
Chennai,2,2607,2,20,2,2,2974312.27
Coimbatore,4,1997,1,29,1,3,2645950.85
Bhopal,6,2543,2,4,1,3,3495081.09
Nagpur,6,3328,4,6,0,2,3844045.07
Mumbai,4,2623,2,19,1,4,4676629.96
Jaipur,3,2562,4,28,2,4,3615379.76
Chennai,2,2680,2,11,1,1,2565291.83
Bhopal,4,2913,3,6,2,1,3154451.74
Coimbatore,5,2294,1,25,1,1,2874711.75
Nagpur,2,2451,3,5,1,2,2458560.01
Visakhapatnam,4,2529,1,23,0,4,2793315.99
Delhi,1,2379,4,18,0,4,3629468.02
Ahmedabad,3,2431,2,23,1,1,2475746.25
Delhi,2,1812,1,3,1,1,2691374.42
Visakhapatnam,6,2864,3,6,0,2,3919562.45
Bengaluru,3,2427,4,17,2,2,4543218.72
Nagpur,6,3378,4,9,1,1,3592803.12
Hyderabad,1,2068,3,2,0,2,2782142.11
Ahmedabad,6,3042,4,18,0,3,3925590.08
Pune,3,2526,1,25,0,2,2349525.73
Kolkata,6,2908,4,7,0,1,4191932.24
Visakhapatnam,4,3064,1,21,2,2,2772417.23
Coimbatore,2,2262,3,9,1,1,2461806.3
Lucknow,3,2152,2,10,2,4,3232325.63
Chennai,6,2539,1,17,2,3,4495915.06
Hyderabad,5,2877,1,6,1,4,4587070.38
Bengaluru,6,3523,4,0,1,3,6496312.64
Coimbatore,1,2611,3,26,0,3,2177941.09
Pune,6,3032,1,10,2,3,4669819.02
Chennai,1,2169,3,24,2,3,3121121.56
Visakhapatnam,6,3459,2,15,2,4,4041755.06
Coimbatore,4,2463,2,1,0,1,2841215.93
Coimbatore,4,2270,1,26,1,2,2506233.7
Bengaluru,2,1811,1,23,1,3,2873110.41
Ahmedabad,4,2793,4,16,1,1,3604069.84
Nagpur,6,2677,2,29,1,3,3362736.09
Visakhapatnam,1,2149,3,5,1,1,2115277.36
Nagpur,3,2489,4,0,1,4,3422000.4
Kolkata,3,2313,2,26,1,4,2918993.51
Delhi,5,3102,3,12,0,4,5250788.43
Hyderabad,4,2241,2,29,2,3,3713770.61
Delhi,1,1493,1,21,1,3,2646670.55
Mumbai,4,3080,4,27,0,4,5053702.98
Delhi,4,2015,1,17,2,3,3996213.29
Lucknow,4,3063,3,21,2,1,3272867.56
Hyderabad,6,3264,4,27,1,2,4876189.17
Bengaluru,2,2296,4,29,0,2,3261268.4
Hyderabad,2,2404,3,14,1,4,3680507.6
Lucknow,1,2161,2,13,2,4,2512826.48
Delhi,3,2039,4,17,0,2,3883242.28
Ahmedabad,3,2525,4,29,1,3,3070734.61
Pune,1,2109,1,9,2,2,2239783.87
Jaipur,5,2858,4,29,2,1,3849333.67
Mumbai,3,2215,4,2,0,3,4709189.48
Coimbatore,4,2579,2,10,0,2,2738150.93
Visakhapatnam,1,2192,4,7,0,4,2857431.23
Hyderabad,6,3430,3,5,2,3,5661814.61
Coimbatore,1,2360,3,14,1,2,2419100.11
Coimbatore,6,3019,2,17,1,2,3698315.0
Hyderabad,2,2121,2,3,0,4,3413270.74
Bengaluru,3,2481,3,15,1,2,4008973.53
Lucknow,1,1865,1,28,1,4,1774898.42
Coimbatore,6,3180,4,1,2,4,4721415.92
Nagpur,4,2476,1,26,0,3,2396860.19
Bhopal,1,2519,4,14,1,3,2215556.75
Chennai,5,2513,2,0,0,4,4593372.5
Ahmedabad,1,2188,1,6,2,2,1993669.69
Mumbai,2,2271,2,13,1,2,3272248.18
Delhi,5,2810,3,20,0,3,4711548.94
Pune,6,3031,3,18,0,3,4833901.07
Lucknow,5,2672,1,0,2,2,3546748.93
Lucknow,5,2791,2,20,0,3,3269473.61
Visakhapatnam,5,2786,1,11,0,1,2527549.81
Bengaluru,6,2839,3,19,2,2,5583899.2
Nagpur,5,2963,4,26,2,1,3321454.49
Jaipur,6,3128,3,22,2,3,4625832.99
Jaipur,2,2376,4,9,1,4,3623060.86
Hyderabad,6,3072,1,22,0,4,4478429.24
Kolkata,4,2722,4,24,0,3,3810063.22
Lucknow,2,2351,3,0,2,3,2994517.28
Coimbatore,3,2334,4,11,0,3,3042253.89
Ahmedabad,5,2389,1,13,1,2,3338117.62
Jaipur,1,1973,3,6,1,2,2340253.42
Chennai,1,1944,1,20,1,4,2414587.7
Visakhapatnam,5,2801,4,11,0,2,3819498.7
Visakhapatnam,3,2515,3,14,0,2,2771630.04
Jaipur,5,2618,4,17,1,3,4011409.35
Jaipur,1,2505,1,22,1,4,2297595.17
Pune,2,2474,3,28,0,1,2477348.67
Mumbai,4,2734,4,27,1,1,4464755.34
Visakhapatnam,1,2063,4,14,0,3,2371762.19
Coimbatore,3,2393,4,9,1,1,2912257.31
Kolkata,1,2066,2,9,1,3,2630455.47
Hyderabad,4,3193,4,8,2,3,5074308.78
Visakhapatnam,5,2364,1,5,0,1,2687693.62
Kolkata,3,2248,3,15,2,3,3594830.08
Nagpur,2,2043,2,17,2,4,2611356.83
Ahmedabad,1,2263,1,16,0,2,1596126.1
Coimbatore,3,2652,4,28,2,4,3497151.34
Chennai,5,3053,2,26,1,3,4153748.29
Chennai,4,2497,3,18,2,3,4233775.19
Ahmedabad,5,3278,4,27,2,3,4105111.92
Jaipur,1,1816,3,23,1,1,1918597.78
Kolkata,5,3068,3,12,2,1,3848955.82
Lucknow,4,2504,3,18,2,2,3331532.1
Coimbatore,1,2837,4,5,0,4,2761791.49
Chennai,6,3084,2,6,0,1,4209103.49
Pune,1,2578,4,16,1,4,3619191.19
Chennai,4,2415,2,17,1,4,3891967.14
Visakhapatnam,6,2881,1,4,2,2,3618268.34
Ahmedabad,2,2111,3,12,2,4,3440283.82
Ahmedabad,4,2933,3,29,0,4,3477035.3
Ahmedabad,3,2647,3,8,2,3,3671802.19
Lucknow,4,2273,2,10,0,3,2917922.77
Ahmedabad,3,2388,2,2,1,3,3023621.61
Coimbatore,2,2278,4,16,1,4,3279184.77
Delhi,5,2946,3,15,1,1,4608909.68
Lucknow,6,2855,4,20,1,3,4033594.83
Nagpur,2,2754,3,13,0,3,2446856.28
Coimbatore,1,2165,3,28,1,3,2163143.53
Coimbatore,4,2700,2,6,0,3,3052519.17
Ahmedabad,6,2802,3,13,0,1,3627876.82
Lucknow,6,2728,2,19,0,1,3294640.78
Bhopal,5,2601,2,4,2,2,3275387.32
Bengaluru,1,2575,4,15,1,4,4042121.03
Hyderabad,6,2725,2,22,0,2,4199951.13
Kolkata,6,3194,4,23,1,2,4358360.42
Nagpur,3,2221,3,10,1,1,2377131.47
Nagpur,1,1542,2,11,2,1,1846360.96
Chennai,4,3120,2,15,0,4,3815843.64
Nagpur,4,2558,2,29,2,3,2949316.89
Bengaluru,1,2039,3,27,2,1,2855020.47
Delhi,3,2641,4,11,2,4,5045710.94
Chennai,5,3127,4,9,1,2,4835031.59
Nagpur,1,2094,3,5,0,4,2252424.58
Bhopal,3,2110,2,29,0,3,2455774.22
Nagpur,3,2662,2,3,0,4,2833085.79
Visakhapatnam,4,3320,3,22,0,4,3246031.17
Bhopal,1,2022,2,11,0,4,1973540.85
Delhi,2,1983,1,2,1,4,3416687.51
Pune,4,2694,3,28,1,3,3901465.93
Lucknow,6,2331,1,15,1,3,3425710.66
Coimbatore,2,1835,1,19,2,1,1952859.49
Jaipur,3,2520,2,19,1,3,2826608.17
Coimbatore,1,2084,3,1,1,2,2621447.14
Pune,2,2293,4,3,0,4,3740104.86
Coimbatore,5,2700,3,20,1,4,3856703.64
Nagpur,5,2744,2,29,0,1,2380316.2
Ahmedabad,4,2793,3,9,0,1,3168574.95
Bengaluru,5,2869,2,12,2,2,5198771.65
Chennai,3,2264,4,11,0,2,3613627.75
Coimbatore,5,3294,4,22,0,4,3938462.0
Nagpur,1,2110,4,0,0,4,2316984.92
Jaipur,5,2844,1,4,2,4,3981144.78
Bhopal,3,1875,1,0,1,3,2652828.19
Visakhapatnam,1,1761,2,16,2,1,1847637.72
Bengaluru,4,2991,3,2,2,1,4740858.65
Ahmedabad,1,1589,1,9,1,1,1625159.58
Mumbai,4,2515,2,11,0,4,4850722.02
Delhi,4,2572,4,23,1,4,4722953.58
Hyderabad,6,2746,2,20,2,3,5031642.16
Hyderabad,2,2024,4,25,2,2,3444471.63
Coimbatore,2,2640,1,19,0,3,2009914.21
Jaipur,6,3231,4,18,2,4,5089377.31
Visakhapatnam,2,2208,2,4,1,3,2490761.06
Chennai,3,2403,2,20,2,1,3311842.13
Bengaluru,6,3065,4,2,2,1,6005634.64
Pune,2,1871,1,8,0,1,2254357.56
Jaipur,5,2932,1,19,0,1,2750185.49
Kolkata,4,2442,2,2,2,2,3576235.98
Nagpur,1,2328,2,7,2,3,2349342.4
Pune,6,3197,3,11,2,3,5317160.47
Pune,3,2296,2,18,2,2,3258135.24
Kolkata,3,2666,3,15,0,2,3111490.45
Bhopal,6,2992,4,29,2,4,4364164.02
Bengaluru,3,2998,4,22,2,3,5004264.19
Coimbatore,4,2939,4,3,0,3,3838210.88
Kolkata,2,2584,4,6,0,2,2990720.38
Mumbai,6,2648,2,13,1,1,4696151.61
Ahmedabad,4,2950,4,7,2,2,3904433.92
Kolkata,2,2262,3,26,0,3,2584248.8
Bhopal,1,1911,4,24,1,1,2104230.63
Ahmedabad,6,2876,2,22,0,3,3684326.39
Kolkata,6,3115,1,21,0,2,3412572.86
Nagpur,5,2912,2,5,1,2,3288188.86
Visakhapatnam,3,2584,3,28,0,2,2444495.0
Pune,6,2903,1,24,2,4,4489935.77
Pune,6,2927,2,25,1,2,3972715.06
Ahmedabad,3,2580,3,17,1,4,3557209.79
Ahmedabad,6,2546,3,16,1,3,4149734.33
Delhi,5,3175,4,19,1,1,4821436.51
Nagpur,6,2998,4,13,1,2,3823708.8
Delhi,3,2565,4,24,0,2,3676268.05
Coimbatore,2,2147,1,21,1,4,2220169.04
Mumbai,2,1889,2,10,1,2,3418766.52
Kolkata,5,2812,2,0,1,3,4238703.68
Mumbai,4,2595,4,28,1,2,4740434.65
Coimbatore,3,2003,2,4,0,4,2877513.02
Chennai,5,2807,1,29,2,1,3425092.32
Visakhapatnam,1,1687,1,21,0,4,1521662.32
Chennai,6,2978,2,11,0,2,4411065.1
Bengaluru,2,2877,4,0,1,1,3896614.73
Lucknow,6,2763,4,23,2,4,4653306.69
Bengaluru,1,2307,4,14,0,1,2835837.94
Ahmedabad,6,2893,3,17,2,3,4362623.56
Bengaluru,5,3463,4,18,0,1,4989698.36
Hyderabad,5,3006,2,8,0,2,4138972.83
Lucknow,5,2858,3,2,1,3,4055164.63
Nagpur,4,2395,1,23,1,4,2664107.63
Jaipur,5,2986,2,15,2,2,3827608.53
Mumbai,6,2503,1,9,2,1,4890344.26
Hyderabad,4,2580,4,6,1,4,4958898.85
Bengaluru,6,3193,1,29,2,2,4798568.0
Hyderabad,4,2849,4,12,2,3,4937959.37
Lucknow,1,2217,1,3,0,2,1799091.12
Visakhapatnam,6,3458,4,11,1,1,3857464.33
Hyderabad,6,3529,3,5,2,1,5260025.62
Chennai,3,1893,1,0,0,2,2787711.24
Nagpur,6,3196,4,8,0,3,3655663.28
Chennai,5,3008,2,25,2,4,4557327.77
Bhopal,5,2993,3,13,1,2,3342983.7
Nagpur,6,2511,1,2,2,3,3563193.7
Bengaluru,1,2252,4,13,0,1,3162668.59
Delhi,5,3214,4,4,1,1,5172988.9
Bhopal,3,2360,4,22,1,2,2886671.03
Delhi,5,3071,4,2,1,2,5382979.3
Bhopal,5,2953,4,7,0,3,3708082.95
Nagpur,2,2172,1,7,0,3,1971898.43
Chennai,4,2797,2,13,2,4,4291961.83
Delhi,3,2123,1,1,0,1,2958990.76
Mumbai,4,2049,3,10,1,1,4457547.65
Chennai,1,2084,2,16,1,4,2887327.33
Ahmedabad,5,2573,4,21,0,1,3329615.08
Hyderabad,3,1971,1,16,2,3,3474810.26
Visakhapatnam,4,2561,1,18,1,4,2981793.42
Kolkata,1,1809,2,4,2,2,2460003.02
Bhopal,4,2369,2,25,0,3,2580087.11
Mumbai,3,2884,4,3,0,1,4557657.08
Chennai,4,2791,3,2,1,3,4501112.57
Jaipur,1,2238,3,2,1,2,2805285.78
Coimbatore,6,2881,4,4,2,2,4138727.94
Jaipur,1,1903,2,12,1,1,2171747.31
Kolkata,3,2780,4,1,1,4,4334915.46
Delhi,4,2923,2,13,1,3,4340074.68
Lucknow,6,2752,2,4,1,3,3841423.36
Chennai,4,2982,3,15,1,4,4352586.01
Lucknow,2,2404,3,26,1,3,2533750.38
Visakhapatnam,4,2586,3,13,0,2,3025600.26
Lucknow,5,2969,2,16,2,1,3241525.34
Coimbatore,4,2306,2,19,1,3,3111892.31
Visakhapatnam,6,2689,1,23,1,4,3677343.09
Chennai,6,2564,3,23,0,3,4592747.82
Bhopal,2,2927,4,23,1,1,2525129.97
Jaipur,5,3179,4,15,2,4,4673958.03
Ahmedabad,5,3106,4,23,2,1,3677068.0
Nagpur,3,2476,1,27,0,2,1809725.32
Bhopal,6,2952,3,5,0,1,3411401.38
Lucknow,6,3237,4,4,1,4,4737811.97
Hyderabad,1,2436,1,2,1,2,2326153.65
Ahmedabad,6,2969,2,15,1,3,3978602.78
Kolkata,4,2539,2,29,1,1,2844475.42
Jaipur,1,2438,3,4,1,1,2535066.24
Hyderabad,6,2871,2,4,1,3,5113491.2
Delhi,4,2568,2,15,2,4,4724209.83
Delhi,4,2590,1,2,1,4,4498718.56
Delhi,1,1930,3,25,0,1,2317544.08
Bengaluru,3,2303,1,21,2,2,3611244.3
Coimbatore,2,2121,2,24,2,2,2126256.83
Delhi,5,2428,4,14,1,2,4979092.96
Nagpur,4,2430,2,5,0,4,3137452.62
Kolkata,1,2238,2,3,1,4,2858941.63
Kolkata,1,1873,2,10,0,3,2184770.56
Nagpur,6,3219,1,19,2,1,2998560.54
Nagpur,5,2345,2,25,1,3,3160707.35
Pune,4,2544,1,19,1,4,3647969.33
Ahmedabad,6,3136,3,9,2,4,4594376.84
Lucknow,4,2319,1,5,1,3,3046174.96
Visakhapatnam,4,2455,2,25,2,3,3150223.76
Lucknow,5,2846,1,20,2,2,2980499.64
Delhi,1,1516,2,6,1,1,2510766.84
Chennai,3,2513,2,26,2,4,3755815.51
Kolkata,5,2928,2,19,2,4,4258096.89
Kolkata,2,2546,4,20,2,2,3145320.28
Ahmedabad,2,2188,4,13,1,2,2906574.73
Chennai,3,2907,4,16,2,1,3799026.56
Visakhapatnam,3,2325,1,3,1,2,2482866.47
Pune,4,2660,4,22,1,4,4448828.01
Kolkata,6,3102,4,25,1,2,4385916.54
Hyderabad,5,2753,1,22,0,3,3698489.2
Bengaluru,3,2611,2,8,2,3,4304475.55
Chennai,4,2895,4,2,2,1,4674047.54
Lucknow,1,1649,3,17,2,3,2456989.71
Ahmedabad,1,1986,4,22,2,2,2461378.45
Kolkata,1,2131,2,17,1,1,2016029.49
Jaipur,3,2472,3,23,0,4,3167670.19
Visakhapatnam,1,2041,2,29,0,3,1670689.99
Visakhapatnam,6,3178,4,1,0,2,4172404.6
Nagpur,2,2290,2,3,0,3,2417611.05
Ahmedabad,3,2633,2,26,1,3,2831440.7
Mumbai,5,3029,3,12,2,1,5466610.32
Chennai,4,2269,1,23,1,2,2937468.15
Coimbatore,2,2430,2,13,0,3,2421301.14
Visakhapatnam,2,2859,4,17,1,2,2876807.33
Lucknow,6,2776,3,15,2,4,4479287.63
Kolkata,4,2376,1,14,2,1,2851357.61
Kolkata,5,2970,3,18,2,3,4258684.7
Jaipur,4,2691,3,19,2,1,3560627.52
Visakhapatnam,6,2772,1,10,2,4,3884578.0
Bhopal,6,2880,3,4,0,4,4027403.58
Pune,4,2502,2,5,1,3,3693269.83
Delhi,3,2108,3,6,2,2,4333534.32
Lucknow,4,2626,3,0,2,1,3378237.39
Bengaluru,1,2179,4,24,0,1,2622973.03
Visakhapatnam,2,2564,4,8,1,1,2958833.67
Kolkata,2,2158,2,2,2,3,3206318.41
Chennai,3,2029,1,10,2,3,3471797.47
Mumbai,1,2419,3,14,2,2,3492505.6
Bengaluru,4,2576,3,11,2,2,4719691.59
Kolkata,6,2331,1,27,2,1,3238676.89
Bengaluru,2,2640,4,9,0,2,3982346.85
Lucknow,2,2314,4,7,0,1,2519809.96
Coimbatore,3,2297,1,20,1,2,2262957.26
Jaipur,1,1950,2,13,1,1,1812186.93
Coimbatore,1,1669,1,12,1,3,1923384.26
Mumbai,2,2405,4,2,0,2,4036981.23
Hyderabad,5,2753,1,20,2,2,3945037.81
Jaipur,3,2096,2,17,2,2,3119970.29
Kolkata,5,3033,4,26,0,1,3647480.23
Hyderabad,2,1920,1,27,2,4,3091052.42
Delhi,4,2695,3,4,0,2,4209917.4
Mumbai,6,2791,1,8,0,3,5003515.78
Nagpur,6,3496,1,1,2,3,3604397.86
Pune,5,2781,2,10,2,4,4585221.18
Mumbai,6,3022,1,25,0,4,5134390.53
Kolkata,1,1851,2,20,1,1,2045354.51
Ahmedabad,1,1894,3,23,1,2,2006018.82
Kolkata,5,3342,4,24,1,2,3999236.82
Nagpur,4,1966,1,17,0,1,1979563.58
Bengaluru,3,2719,2,21,0,1,2863700.76
Nagpur,4,2423,3,5,2,4,3735605.7
Kolkata,6,2872,4,26,0,2,4076567.88
Mumbai,1,1889,3,0,0,2,3157595.4
Nagpur,2,2660,3,10,1,1,2398942.06
Mumbai,6,3120,4,9,2,2,6213185.54
Bengaluru,2,2330,1,10,1,1,2912055.94
Jaipur,5,3111,1,4,1,2,3431937.88
Hyderabad,1,1896,2,15,2,1,2423259.33
Chennai,4,2653,3,1,2,3,4687972.71
Chennai,3,2357,2,4,2,3,3830175.98
Coimbatore,1,1431,1,27,1,4,1871191.53
Mumbai,5,2801,1,18,1,1,4009909.46
Jaipur,4,2279,3,10,0,4,3537063.36
Visakhapatnam,5,2429,2,16,1,2,3174218.77
Mumbai,1,2308,1,25,0,1,1794716.69
Bengaluru,1,1551,2,7,0,4,3087613.34
Delhi,4,2232,2,28,0,1,3076065.69
Ahmedabad,6,2645,4,17,0,3,4285060.23
Pune,4,2635,3,18,1,1,3403657.26
Lucknow,3,1602,1,29,2,1,2042475.89
Chennai,2,2155,1,17,1,1,2345165.3
Jaipur,3,2180,3,11,1,1,2965275.91
Ahmedabad,4,2432,1,16,1,2,2715332.91
Mumbai,5,2925,3,16,2,2,5385738.18
Jaipur,3,2525,4,23,0,2,3056999.57
Chennai,1,2421,4,28,0,2,2530393.66
Ahmedabad,3,2227,1,29,1,1,1894627.61
Nagpur,6,3452,4,17,2,3,4084944.75
Hyderabad,2,1823,2,6,1,4,3400717.69
Bengaluru,2,2165,3,15,0,1,3173125.57
Pune,5,3686,4,25,2,3,4837186.98
Jaipur,6,2785,1,24,2,1,3490555.49
Ahmedabad,2,2547,4,28,0,1,2483444.96
Kolkata,6,2868,2,25,0,3,3797616.81
Mumbai,3,2923,4,26,2,3,4807824.8
Delhi,4,2834,3,18,0,1,3417783.16
Pune,2,2588,1,21,0,1,1915575.87
Chennai,4,2599,4,8,1,4,4869377.37
Hyderabad,5,3157,3,8,0,4,4814534.37
Mumbai,4,2927,3,8,0,1,4312240.85
Chennai,6,3173,3,4,2,1,5017318.69
Pune,3,2588,2,19,0,2,2967260.56
Delhi,4,2591,1,18,2,3,4167901.41
Mumbai,2,2073,1,2,1,4,3680704.44
Ahmedabad,6,2493,2,1,0,4,3944650.39
Hyderabad,2,1873,1,24,0,1,1870871.42
Visakhapatnam,2,2207,2,8,0,4,2615717.69
Delhi,6,2800,1,23,2,3,4792359.36
Visakhapatnam,1,1853,1,2,0,2,1686800.72
Bhopal,4,2142,2,6,0,3,2834486.23
Hyderabad,1,2486,4,27,0,2,2588848.97
Lucknow,4,3015,4,9,1,1,3314963.86
Kolkata,6,2759,4,19,0,3,4404872.8
Pune,2,2335,3,10,1,4,3632462.23
Chennai,1,1797,2,26,2,3,2680097.76
Jaipur,4,2014,4,17,0,1,3219297.55
Mumbai,4,2391,2,20,1,2,4148060.9
Bhopal,5,2949,2,24,2,1,2886859.86
Kolkata,6,3101,3,15,1,4,4834382.25
Delhi,5,2962,3,8,1,3,5121375.76
Chennai,1,1663,3,4,2,2,3069630.64
Bengaluru,3,2123,1,22,1,3,3455959.18
Nagpur,5,2577,2,8,0,1,2739582.48
Pune,6,2834,2,25,1,1,3924493.68
Nagpur,2,2216,4,3,1,2,2821066.53
Chennai,2,1970,3,25,2,3,3256172.06
Lucknow,1,2407,3,26,2,2,2151450.95
Lucknow,2,2661,4,11,2,3,3202315.59
Chennai,4,2422,1,11,0,1,3169608.82
Pune,5,3109,2,0,0,4,4606721.65
Bengaluru,3,2515,2,19,0,3,3533294.52
Coimbatore,2,2343,3,8,0,1,2324547.88
Chennai,5,2792,2,19,0,3,3954336.84
Hyderabad,3,2583,4,28,2,1,3594640.09
Delhi,3,1763,3,13,0,2,3584607.99
Coimbatore,4,2656,4,11,2,3,3777554.51
Chennai,6,3361,3,25,0,2,4338751.86
Kolkata,3,2661,3,14,0,2,2843589.23
Coimbatore,1,2189,4,20,2,1,2430825.05
Chennai,5,2456,3,4,2,2,4806305.16
Bhopal,5,2951,1,9,1,2,3105762.08
Delhi,6,2490,1,21,0,3,4611523.75
Delhi,2,2129,1,8,2,3,3389154.55
Jaipur,1,1998,3,3,0,2,2338774.05
Coimbatore,1,1686,3,25,1,1,1861022.21
Coimbatore,1,1840,1,14,1,4,2026278.08
Coimbatore,4,2762,2,17,1,4,3094393.42
Kolkata,3,2614,4,28,0,4,3408533.9
Nagpur,5,3264,2,9,0,4,3345842.03
Hyderabad,1,2325,3,15,0,3,2906252.29
Mumbai,1,1838,1,7,1,2,2650664.57
Kolkata,2,2106,1,10,2,1,2485785.62
Delhi,5,3237,4,29,2,1,4660845.41
Kolkata,6,2965,2,23,2,4,4491672.38
Chennai,1,1308,1,9,1,2,2032636.56
Pune,4,2653,3,22,2,3,3954965.94
Mumbai,2,1899,1,28,0,4,2949951.86
Lucknow,5,2985,4,28,0,1,3221161.11
Delhi,1,2206,4,6,0,3,3431256.2
Visakhapatnam,6,3062,4,18,0,1,3548030.99
Bengaluru,2,2302,2,4,2,3,4140067.77
Hyderabad,4,2569,1,11,1,4,4124918.28
Jaipur,4,2375,3,10,0,4,3826402.44
Chennai,3,2559,4,14,1,2,3892038.1
Jaipur,1,2225,3,1,1,4,3100956.16
Mumbai,2,2102,3,4,2,1,4083580.25
Chennai,6,2809,1,7,0,3,4375098.82
Nagpur,5,3506,4,2,2,2,3830801.98
Ahmedabad,1,2478,4,13,2,4,3106264.01
Ahmedabad,6,2584,4,1,2,2,4781723.24
Jaipur,3,2207,1,6,1,1,2331090.72
Ahmedabad,5,2628,2,28,0,4,3484076.79
Chennai,2,2212,2,7,0,2,2779358.06
Bengaluru,4,2966,1,2,2,4,4758796.32
Pune,6,2962,2,5,2,3,4962829.89
Delhi,6,2910,1,22,0,4,4713024.73
Ahmedabad,4,2657,3,21,1,4,3476013.73
Visakhapatnam,1,2447,4,19,0,4,2403428.05
Chennai,2,2140,1,23,0,1,1764520.09
Nagpur,3,2418,3,0,1,3,2994772.97
Kolkata,6,3320,4,6,2,4,5265806.7
Bengaluru,2,1994,3,9,1,2,3708096.64
Lucknow,5,3102,4,2,0,4,4259688.82
Delhi,6,2806,2,14,0,4,5169142.29
Mumbai,3,2052,1,8,1,3,3867124.84
Mumbai,3,2813,4,29,2,1,4164654.5
Visakhapatnam,2,1850,2,22,1,4,2290648.74
Nagpur,3,2014,3,23,2,4,3114535.64
Lucknow,6,2905,1,10,0,4,3457467.14
Pune,4,2485,4,5,2,3,4806098.69
Visakhapatnam,1,1623,2,1,0,3,2097736.27
Coimbatore,5,2874,4,28,0,1,3331018.21
Chennai,2,1799,2,17,0,2,2751067.45
Bengaluru,4,2860,1,8,1,2,3997134.71
Mumbai,3,2822,4,28,2,4,5025982.59
Bhopal,1,1850,1,23,0,3,1644208.01
Jaipur,5,2886,4,6,0,4,4013952.81
Lucknow,5,2534,3,9,1,2,3613834.63
Visakhapatnam,3,2164,1,2,1,1,2352235.23
Kolkata,1,1342,2,24,2,2,2152316.18
Visakhapatnam,2,2075,2,20,2,2,2435007.32
Mumbai,6,3336,4,4,2,1,6292041.7
Visakhapatnam,6,2828,1,8,1,2,3509842.67
Bhopal,2,1948,1,3,0,3,2114918.08
Lucknow,3,2679,3,1,1,4,3158383.59
Visakhapatnam,3,2337,4,6,1,2,3009217.78
Jaipur,3,2936,4,25,2,1,3298861.05
Bengaluru,5,2411,3,9,2,3,5455238.44
Mumbai,6,3024,1,5,1,1,4879324.39
Delhi,3,2703,3,24,1,3,3950864.43
Bhopal,6,3419,3,19,0,2,3283535.09
Ahmedabad,2,2102,1,21,2,4,2518471.71
Bhopal,3,2504,2,17,2,1,2394812.36
Bhopal,4,2849,3,8,1,4,3360055.76
Kolkata,4,2692,1,3,2,2,3473866.21
Delhi,6,3438,2,11,2,4,6164568.83
Bhopal,3,2781,3,13,0,2,2737636.5
Mumbai,1,2319,4,21,0,3,3501397.37
Coimbatore,5,2630,2,24,2,3,3647891.76
Bhopal,1,1874,2,10,1,2,1793721.89
Coimbatore,3,2895,4,16,1,3,3483057.21
Mumbai,5,2858,3,11,1,1,4968201.4
Jaipur,1,2018,1,22,1,2,1675949.21
Ahmedabad,1,2183,4,25,2,3,2757107.49
Kolkata,1,2004,2,7,0,2,2133964.22
Delhi,4,3031,4,16,0,3,4754335.3
Visakhapatnam,6,3392,2,25,0,4,3633861.17
Delhi,6,3047,2,16,1,1,4544301.72
Bengaluru,4,2420,3,25,0,2,3958479.23
Lucknow,2,2315,4,8,0,2,2580049.91
Lucknow,4,2897,4,23,1,4,3807198.34
Jaipur,4,2617,1,17,0,2,2539647.11
Coimbatore,3,2278,1,8,1,2,2438248.26
Bengaluru,6,2532,1,18,2,2,4706153.97
Pune,6,3356,3,12,1,2,4606394.28
Hyderabad,4,2540,3,20,0,1,3240581.05
Visakhapatnam,1,2027,3,11,1,4,2560334.3
Coimbatore,5,2901,3,20,1,2,3571303.93
Delhi,4,2371,3,12,0,2,4163424.88
Nagpur,4,2332,1,8,0,2,2425125.66
Coimbatore,2,2068,2,29,2,1,1880905.81
Lucknow,5,2748,2,5,0,3,3341254.16
Coimbatore,6,3193,1,21,1,3,3488766.7
Nagpur,5,2139,1,11,2,1,2658217.7
Bhopal,1,1684,1,14,0,1,1190932.26
Kolkata,4,2560,4,19,0,3,3589757.12
Jaipur,6,2942,2,2,0,1,3741379.08
Mumbai,4,2297,1,17,2,3,4343457.99
Lucknow,5,3129,2,8,1,1,3355908.62
Ahmedabad,6,3010,1,21,1,1,3071026.41
Nagpur,1,1850,4,8,0,2,2249977.49
Nagpur,3,2644,2,28,1,4,2631743.44
Mumbai,2,2024,1,17,2,4,3749582.41
Pune,6,3432,4,12,1,2,5142229.2
Bengaluru,1,1911,1,7,0,4,2835545.26
Chennai,1,2048,1,11,2,1,2157614.28
Mumbai,6,2819,2,20,1,3,5423322.5
Mumbai,4,2433,1,2,0,2,3896814.89
Visakhapatnam,1,2222,3,13,1,3,2398740.11
Kolkata,6,2686,1,21,0,1,2978889.95
Bengaluru,2,2204,2,18,1,3,3409726.11
Jaipur,5,2524,3,21,2,1,3731454.54
Delhi,3,2473,2,0,0,4,4207871.11
Kolkata,4,2476,3,8,1,4,3948602.27
Nagpur,4,3003,2,18,0,2,2493146.6
Coimbatore,6,2649,1,28,0,1,2857138.54
Kolkata,5,3086,4,24,2,4,4685062.97
Chennai,5,2999,4,6,1,1,4650712.99
Visakhapatnam,6,3288,2,22,1,4,3917843.94
Hyderabad,4,2601,4,11,0,1,3921824.14
Mumbai,6,3079,3,16,0,2,5384472.28
Bhopal,3,2055,1,26,1,2,1925727.65
Jaipur,3,2907,4,13,0,1,3083770.2
Bengaluru,6,2571,2,21,2,4,5777568.43
Visakhapatnam,4,2140,2,19,0,4,2748632.3
Delhi,2,2177,3,13,1,1,3283087.45
Ahmedabad,2,2260,4,14,1,2,2880359.16
Hyderabad,4,2671,4,19,2,4,5139919.44
Hyderabad,4,2618,4,4,1,1,4213485.83
Jaipur,6,3005,1,24,0,4,3772483.16
Kolkata,1,1719,1,8,0,3,2031884.34
Ahmedabad,5,2457,2,15,2,4,3864803.34
Delhi,3,1702,1,10,0,4,3592669.4
Delhi,5,3105,4,9,2,3,5803890.28
Coimbatore,4,2142,1,15,0,2,2374175.29
Bengaluru,3,2440,3,16,2,3,4409879.23
Ahmedabad,5,2495,3,25,2,1,3448860.85
Bengaluru,2,2679,4,25,0,4,4082154.35
Hyderabad,3,2278,2,18,0,1,2949933.39
Visakhapatnam,4,2683,2,5,1,2,2919045.46
Coimbatore,3,1990,1,3,1,1,2453357.88
Bhopal,6,3053,1,15,1,4,3719598.33
Bhopal,5,2666,2,10,1,1,3058939.53
Ahmedabad,6,2743,1,15,2,4,4034689.47
Visakhapatnam,5,2611,4,1,2,2,4094373.52
Coimbatore,5,2381,2,6,2,2,3546517.12
Hyderabad,4,2709,3,16,2,4,4782528.7
Kolkata,5,2327,2,16,1,4,3748193.47
Delhi,3,2902,4,5,0,2,4324345.66
Kolkata,5,2174,3,26,2,3,4034917.86
Coimbatore,6,3062,2,3,0,2,3946884.15
Lucknow,6,2799,3,10,2,3,4295517.85
Bhopal,2,2312,2,6,2,3,2580467.09
Coimbatore,1,2363,3,6,2,4,2944515.53
Lucknow,5,2281,4,0,2,3,4318933.03
Visakhapatnam,4,3121,1,18,2,1,2497818.36
Bengaluru,4,2274,2,0,0,1,3984819.23
Pune,3,2452,2,25,1,3,3415536.86
Chennai,1,2233,3,14,0,1,2316575.3
Delhi,4,2725,1,13,2,2,3888651.23
Coimbatore,6,3246,4,26,0,3,3996426.68
Coimbatore,6,2591,1,11,1,4,3850567.05
Kolkata,6,2968,3,16,2,1,4300173.14
Bengaluru,6,2882,3,11,0,4,5799798.44
Visakhapatnam,2,2243,3,29,2,2,2596936.59
Nagpur,6,2432,2,6,1,4,3817357.37
Chennai,6,2473,1,2,0,2,3940600.65
Coimbatore,5,2462,1,21,1,1,2511912.07
Kolkata,3,2835,3,0,0,2,3340122.78
Lucknow,3,2429,1,14,1,4,2645315.52
Coimbatore,2,2149,1,1,0,3,2489971.11
Lucknow,1,2258,3,23,1,3,2456354.28
Hyderabad,6,3235,3,15,2,2,5178914.57
Chennai,5,2726,1,18,2,2,3799330.85
Kolkata,5,2792,4,5,0,3,4368642.16
Pune,2,2397,3,27,1,3,3124443.58
Mumbai,2,2580,4,19,2,1,4088230.01
Hyderabad,6,3089,3,18,1,2,4921689.67
Bhopal,5,2715,2,21,0,3,2917734.55
Kolkata,1,2039,4,9,1,3,2900940.13
Bengaluru,5,2662,3,12,2,4,5699134.28
Jaipur,1,2144,3,5,2,2,2830310.86
Delhi,5,2677,1,11,0,2,3887166.48
Nagpur,5,2752,1,23,2,1,2781081.67
Pune,6,3160,2,7,2,4,5047665.9
Visakhapatnam,1,2064,2,9,2,4,2620719.75
Bhopal,1,1807,2,20,0,4,1912724.06
Coimbatore,3,2380,1,7,0,1,1995143.46
Bengaluru,2,2591,3,23,2,1,3456763.61
Lucknow,2,2138,3,2,1,4,3159214.79
Jaipur,6,2913,4,12,1,3,4827868.4
Bengaluru,4,2530,1,1,2,1,3873149.67
Bhopal,6,2478,1,26,2,1,3150598.63
Coimbatore,1,2054,3,27,2,1,2117684.48
Mumbai,6,2918,3,17,2,1,5555175.79
Mumbai,4,2996,4,25,1,1,4567285.06
Jaipur,2,2174,2,3,0,4,2823444.85
Nagpur,5,2849,3,23,2,2,3261129.39
Mumbai,6,2568,3,19,0,2,5240154.43
Hyderabad,1,2061,1,22,2,4,2919079.6
Ahmedabad,5,2898,1,18,1,2,3364442.29
Coimbatore,6,3104,3,17,0,4,4239770.62
Bhopal,5,3199,2,11,0,2,2998678.18
Pune,5,2989,3,27,0,1,3412215.06
Chennai,6,2746,1,15,2,4,4897747.17
Bhopal,5,2782,1,17,1,1,2799684.98
Mumbai,1,2002,2,20,2,4,3457684.6
Delhi,3,2104,2,28,2,2,3661548.41
Hyderabad,3,2260,1,20,0,3,2765003.25
Jaipur,4,2942,3,8,2,3,4141043.91
Coimbatore,5,2845,2,17,2,3,3568413.11
Nagpur,3,2766,4,13,0,1,2435968.28
Delhi,2,2447,2,5,2,4,4146899.08
Mumbai,3,2784,2,25,2,3,4256772.32
Jaipur,4,2545,4,12,1,3,4309626.64
Jaipur,5,2682,1,8,0,1,2841941.11
Visakhapatnam,3,2419,2,17,2,2,2792034.77
Mumbai,6,2678,1,0,2,1,5109547.87
Bengaluru,5,2410,1,18,2,4,4945841.38
Nagpur,5,2446,2,25,0,3,2932351.35
Ahmedabad,5,2936,4,22,2,2,4007750.24
Delhi,4,2792,2,29,2,3,4161963.07
Chennai,4,2515,1,13,1,3,3616406.65
Ahmedabad,1,1885,2,29,2,2,1959967.01
Nagpur,5,2829,2,28,1,2,2867163.01
Chennai,5,2686,2,2,2,4,4873516.0
Delhi,1,1848,2,14,1,2,2557221.39
Hyderabad,3,2372,3,5,0,1,3274730.14
Bhopal,2,1877,3,23,1,4,2589556.32
Jaipur,1,1587,1,6,2,3,2231154.47
Hyderabad,6,2940,3,10,2,3,5342486.76
Lucknow,5,2621,2,6,1,4,3800543.39
Delhi,5,2521,1,10,2,3,4730611.53
Kolkata,2,2431,4,9,1,3,3261081.76
Jaipur,4,2791,1,4,2,2,3342323.89
Jaipur,2,2247,2,4,0,3,2986127.84
Pune,2,1829,2,14,0,3,2836803.27
Lucknow,6,2779,1,9,2,2,3511441.07
Kolkata,3,1951,1,21,1,4,2627202.43
Jaipur,2,2676,2,23,2,4,3093088.61
Bengaluru,2,1972,1,16,0,2,2673829.23
Chennai,6,2727,1,5,2,2,4627339.26
Bengaluru,2,2762,3,14,0,4,3922071.1
Lucknow,5,2944,1,10,2,3,3486220.32
Hyderabad,2,2368,4,9,2,4,4451800.6
Visakhapatnam,4,2966,2,3,0,4,3261783.23
Lucknow,2,2268,2,17,2,3,2474924.67
Chennai,6,3616,3,6,1,1,4706496.97
Pune,4,2254,4,19,0,1,3652929.82
Bengaluru,2,2496,4,5,0,1,3455826.9
Chennai,4,2203,1,5,2,1,3366650.92
Hyderabad,4,2417,2,27,2,1,3550337.27
Nagpur,6,3177,4,4,2,4,4477747.38
Delhi,1,2576,4,11,0,4,3658213.64
Nagpur,4,2710,3,25,2,1,2669622.19
Kolkata,2,2181,3,20,1,2,2743258.4
Visakhapatnam,1,1962,3,26,2,4,2449897.29
Mumbai,2,1861,1,0,2,1,3099234.09
Lucknow,5,2697,1,18,2,1,3007301.43
Kolkata,6,2754,2,13,2,3,4442895.2
Kolkata,3,2074,1,14,0,4,2805388.19
Bhopal,5,2616,3,7,1,4,3755480.05
Lucknow,3,2481,3,13,2,4,3554722.71
Nagpur,2,2282,4,14,2,4,3119764.39
Chennai,3,3124,4,29,1,3,3699233.26
Lucknow,3,2483,4,24,2,2,3296201.13
Visakhapatnam,6,2644,1,15,2,2,3306441.17
Jaipur,6,3119,2,15,0,2,3741900.18
Ahmedabad,4,2510,3,1,2,1,3489539.51
Chennai,4,1898,1,25,0,2,3069605.8
Jaipur,5,2576,4,1,0,1,3808270.72
Mumbai,2,2171,3,18,0,1,3071794.85
Coimbatore,4,2588,4,11,2,3,3852368.92
Coimbatore,5,2502,1,22,0,4,3336037.91
Jaipur,1,2104,2,7,2,3,2590472.48
Pune,1,2198,2,27,2,2,2585160.66
Bhopal,1,1973,3,0,0,1,1923569.22
Chennai,1,2165,3,23,1,3,2962523.11
Bhopal,4,2617,4,0,2,2,3507835.01
Ahmedabad,1,1923,1,27,0,3,1639900.25
Coimbatore,5,3040,3,20,1,3,3548133.03
Pune,5,2965,2,28,1,4,4142418.26
Lucknow,1,2226,3,8,0,4,2582941.3
Ahmedabad,1,2127,1,29,2,3,2141679.08
Delhi,1,1857,3,2,2,3,3553358.44
Coimbatore,4,2373,4,10,2,4,4066473.47
Nagpur,2,2198,3,27,1,4,2365974.63
Lucknow,1,2344,4,4,0,3,2489617.83
Hyderabad,4,2545,2,15,2,2,3994007.44
Nagpur,3,2571,4,19,1,1,2411094.21
Coimbatore,3,2594,2,17,1,1,2546380.82
Kolkata,6,2793,3,12,0,2,4271963.18
Jaipur,3,2429,3,20,0,3,3090797.81
Chennai,6,2705,2,5,1,2,4523093.73
Pune,6,2702,2,24,1,2,3919378.04
Pune,2,2291,2,15,2,3,3130762.04
Chennai,1,1883,1,8,0,4,2269882.9
Lucknow,1,1544,1,4,1,3,2266053.92
Lucknow,3,2651,4,27,2,3,3175278.52
Jaipur,2,2648,3,19,1,2,2594361.28
Nagpur,5,3236,2,26,0,4,3185302.72
Jaipur,5,2189,1,0,2,3,3750625.04
Kolkata,6,3041,2,3,1,1,4012149.24
Coimbatore,5,2686,4,3,1,1,4076141.2
Bengaluru,6,2958,2,22,1,1,4563850.69
Delhi,3,2518,3,15,0,3,3873589.52
Pune,3,2166,4,28,2,3,3969698.54
Delhi,2,1943,4,1,1,2,3873280.9
Kolkata,6,3073,3,13,1,4,4663499.53
Mumbai,4,2704,2,7,2,2,4537613.41
Lucknow,6,2434,2,24,0,3,3562317.33
Nagpur,2,2415,4,10,1,2,2766710.6
Chennai,6,3219,2,9,1,1,4275266.14
Chennai,4,2404,4,25,0,3,3691086.93
Nagpur,4,2535,3,24,1,1,2452173.78
Kolkata,1,1913,2,13,0,2,2111811.69
Visakhapatnam,3,2726,4,3,2,1,3174709.99
Jaipur,6,3089,3,15,1,3,4424296.85
Delhi,5,2853,3,12,1,1,4495943.47
Kolkata,1,2257,3,29,2,2,2277705.12
Lucknow,5,3188,2,2,1,3,3751471.87
Delhi,6,2909,4,18,2,4,6202013.95
Hyderabad,4,2726,3,2,1,2,4330711.27
Visakhapatnam,2,2505,3,12,1,4,2668039.05
Visakhapatnam,1,2004,1,18,0,3,1702859.67
Pune,3,2143,3,3,2,3,3971553.68
Coimbatore,3,2341,4,20,1,4,3246256.51
Nagpur,3,2475,4,11,1,2,2911501.68
Chennai,1,1921,2,24,2,2,2405743.1
Bhopal,3,2235,1,5,0,2,2170061.15
Kolkata,1,1939,1,6,0,4,2384249.67
Ahmedabad,1,2356,1,28,1,1,1411889.0
Hyderabad,3,2471,2,28,0,4,3307851.93
Mumbai,2,2258,2,18,2,3,3864899.13
Jaipur,6,3300,2,15,0,2,3665929.45
Bengaluru,1,1949,3,21,1,4,3710133.23
Jaipur,5,2782,3,24,2,4,4294486.08
Chennai,6,3232,2,12,2,4,5245107.98
Bhopal,6,3350,4,7,2,3,4379702.93
Delhi,4,2545,2,15,0,4,4420962.99
Mumbai,3,2794,4,9,1,2,4426621.69
Mumbai,1,1875,1,21,2,2,2640078.2
Delhi,3,2960,4,24,2,1,3896954.0
Coimbatore,4,2766,4,23,1,1,3243522.87
Nagpur,4,2699,3,19,2,2,2990753.56
Nagpur,1,1950,3,28,0,4,2064320.08
Ahmedabad,4,2915,4,6,0,2,3393372.79
Coimbatore,6,3277,4,12,1,2,4000552.04
Mumbai,1,2174,4,12,2,2,3801417.92
Ahmedabad,5,2961,3,2,1,3,4096396.63
Kolkata,2,1861,1,0,0,2,2238319.73
Mumbai,1,2532,4,4,2,4,4824838.45
Mumbai,6,3062,4,26,0,3,5641251.03
Bengaluru,2,2043,1,1,2,1,3205998.98
Chennai,1,2161,3,11,1,2,2719985.89
Coimbatore,4,2458,1,0,0,1,2541840.82
Chennai,1,2084,4,1,0,3,3390648.75
Kolkata,3,2169,4,29,1,4,3754419.39
Coimbatore,1,1689,3,21,0,2,1967924.32
Bengaluru,3,2743,4,11,0,4,4731463.67
Chennai,2,2156,3,12,1,1,2917279.91
Hyderabad,6,3032,2,6,1,4,5280376.5
Pune,6,2965,1,27,0,4,4030933.1
Coimbatore,1,1991,2,10,1,4,2351592.93
Bhopal,3,2676,3,1,0,1,2497485.5
Coimbatore,5,1864,1,10,1,4,3442781.35
Bhopal,3,2555,2,4,1,1,2197122.7
Visakhapatnam,6,3265,2,22,0,2,3314878.14
Bhopal,4,2635,3,8,0,2,2956760.82
Nagpur,3,1959,1,20,1,2,1865459.54
Bengaluru,1,2667,4,5,2,2,3836801.4
Delhi,1,1677,2,26,0,4,2767660.25
Hyderabad,6,2958,3,6,2,1,5065715.58
Bengaluru,3,1998,2,20,2,1,3430983.34
Chennai,4,2694,2,24,1,3,3834436.19
Nagpur,4,2273,2,22,0,4,2736418.29
Delhi,6,3284,2,8,1,1,4658394.18
Jaipur,6,3392,4,25,2,3,4905051.22
Ahmedabad,6,3087,4,18,0,2,3797468.49
Ahmedabad,3,2100,3,9,2,4,3389278.8
Mumbai,5,3037,2,6,0,2,4730094.2
Jaipur,3,2548,3,24,2,3,3399932.58
Jaipur,1,2642,4,0,2,2,3138898.07
Bengaluru,5,2612,3,22,2,2,4935170.98
Delhi,6,2952,1,3,2,4,5526069.27
Pune,5,3214,4,9,2,2,4920773.84
Lucknow,3,2734,3,18,1,3,3226951.86
Hyderabad,1,2091,1,12,0,2,2220371.47
Chennai,1,2258,2,6,0,4,2767592.99
Pune,1,1626,1,18,2,4,2741580.62
Bhopal,4,2469,3,1,0,3,3334968.9
Pune,5,2693,1,25,0,2,3135151.8
Bhopal,4,2365,1,27,1,1,1962595.04
Delhi,5,2871,4,0,1,1,4875261.76
Visakhapatnam,5,2811,3,0,2,1,3593065.65
Coimbatore,1,1861,3,16,0,2,2246860.29
Ahmedabad,1,1758,1,19,2,2,1775653.65
Ahmedabad,4,2608,2,16,0,2,2973364.26
Lucknow,6,2718,2,2,2,4,4336187.61
Coimbatore,1,1706,3,27,2,4,2725587.42
Coimbatore,6,2882,4,21,0,2,3840831.8
Nagpur,2,2499,4,20,2,3,2598470.83
Bhopal,2,2468,4,20,1,3,2793284.97
Ahmedabad,3,2595,3,8,1,4,3509791.73
Visakhapatnam,6,3209,3,19,2,2,3755135.11
Lucknow,5,2678,2,21,1,3,3372819.93
Delhi,4,3102,4,16,1,1,4251738.13
Coimbatore,1,1911,3,2,2,1,2346629.05
Ahmedabad,2,2122,3,12,0,3,2707855.6
Pune,2,2549,3,3,0,3,3383940.04
Ahmedabad,5,2402,2,0,0,1,3118160.86
Jaipur,3,2684,2,28,0,3,2678369.18
Delhi,5,2898,2,2,0,3,5067808.15
Nagpur,3,1700,1,18,2,4,2708874.68
Lucknow,2,1718,1,2,2,3,2490915.19
Nagpur,4,2396,2,5,1,1,2603011.34
Lucknow,6,3031,3,15,0,4,4088003.23
Hyderabad,1,2472,3,9,1,4,3459838.02
Kolkata,1,1807,2,20,2,1,1826528.07
Bhopal,6,2860,4,3,0,3,4218333.75
Ahmedabad,1,1901,3,17,2,2,2452606.71
Delhi,5,3026,2,22,0,1,3947576.72
Bhopal,6,3159,4,21,1,1,3776552.25
Pune,4,2372,3,0,1,2,4117243.27
Chennai,3,2140,1,18,1,1,2396072.6
Ahmedabad,4,2586,3,3,0,4,3760468.32
Ahmedabad,4,3224,2,16,0,4,3248299.84
Ahmedabad,2,2490,4,16,1,2,2761893.81
Ahmedabad,5,2910,2,24,0,1,2736088.95
Mumbai,4,2679,3,20,2,1,4403863.6
Hyderabad,6,2942,4,18,1,3,5208400.11
Delhi,2,2733,3,10,1,1,3375228.65
Nagpur,3,2245,2,5,1,4,3137025.88
Lucknow,2,2570,4,10,0,2,2892237.3
Pune,6,2942,3,22,0,1,4022572.52
Hyderabad,6,2533,1,20,0,2,4038682.87
Visakhapatnam,3,2630,1,13,1,1,2111346.56
Mumbai,4,2976,4,7,0,3,5170593.34
Pune,6,2976,2,29,0,3,3992293.49
Ahmedabad,4,2405,2,10,2,1,3077303.23
Kolkata,5,2294,1,19,1,2,3233410.06
Bengaluru,3,2080,2,3,2,3,4202754.68
Bengaluru,4,2384,1,11,0,4,4282187.6
Bhopal,3,2315,3,19,0,1,2540540.1
Mumbai,6,3204,4,28,0,4,6022974.76
Ahmedabad,6,2779,1,18,1,4,3702076.95
Visakhapatnam,5,2152,1,10,0,2,2995178.34
Ahmedabad,4,2367,1,4,0,2,2661746.06
Ahmedabad,3,2281,3,1,1,4,3651468.82
Coimbatore,2,2642,1,26,1,3,2300645.83
Delhi,6,2560,3,24,0,3,5111696.4
Nagpur,1,1927,3,16,1,1,1812464.17
Ahmedabad,3,2326,2,8,0,3,2931397.12
Kolkata,6,2900,2,12,0,4,4236400.13
Ahmedabad,6,2723,2,28,1,2,3544877.42
Lucknow,2,2571,4,24,1,3,3022055.77
Jaipur,5,2728,2,18,0,2,3192098.71
Lucknow,5,2867,2,8,0,3,3467040.64
Coimbatore,6,3065,2,1,1,2,3793226.36
Bhopal,5,2853,2,17,1,1,2621194.27
Ahmedabad,5,2668,1,14,0,3,3239241.97
Visakhapatnam,2,1904,1,13,1,4,2338536.48
Kolkata,3,2291,4,1,2,3,4202400.79
Chennai,2,2298,1,11,0,2,2410838.5
Bengaluru,5,2783,3,1,2,2,5298418.23
Lucknow,2,2310,2,17,2,1,2287426.69
Delhi,1,2556,4,16,0,4,3550533.61
Coimbatore,6,3155,3,23,0,4,4161108.75
Jaipur,4,2164,2,28,0,2,2949454.27
Pune,1,2850,4,6,0,3,3288554.45
Kolkata,2,2486,2,5,0,1,2520477.64
Chennai,4,2837,4,22,2,3,4494454.59
Visakhapatnam,4,2158,2,19,1,4,3183123.93
Nagpur,1,2231,4,4,2,3,2631115.02
Kolkata,5,2485,1,11,2,1,3291562.04
Jaipur,4,2406,1,15,0,4,3071959.48
Coimbatore,1,1642,4,25,2,1,2222137.04
Pune,3,2624,4,1,1,3,4073370.28
Nagpur,3,2652,4,16,0,4,2943665.03
Mumbai,5,2660,1,28,2,2,4481371.68
Jaipur,6,3706,4,1,0,1,4363020.05
Chennai,5,2621,2,5,1,4,4657538.51
Delhi,4,2014,1,10,0,4,4006027.83
Lucknow,6,3174,2,2,1,1,3359269.17
Mumbai,3,2090,2,14,2,1,3944322.11
Hyderabad,1,2166,4,10,2,3,3631623.5
Hyderabad,5,3008,4,21,2,2,4928783.31
Kolkata,5,2739,4,7,0,2,3859918.9
Delhi,5,2901,2,16,0,2,4315772.33
Chennai,6,3012,1,2,1,3,4629836.18
Mumbai,6,2926,4,23,1,2,5562780.9
Hyderabad,2,2211,2,6,0,3,3080091.35
Bengaluru,4,2402,4,29,1,1,4006372.27
Lucknow,4,2690,2,10,0,4,3172025.96
Jaipur,4,2655,4,17,0,1,3450285.8
Pune,5,2973,3,25,2,2,4331684.28
Bengaluru,2,2241,2,4,0,3,3422183.2
Bengaluru,2,2412,1,12,2,3,3221352.14
Delhi,1,1940,1,4,0,4,2826463.36
Chennai,2,2068,3,3,2,2,3717955.16
Jaipur,6,3395,3,14,0,1,3660434.08
Nagpur,3,2023,3,17,1,4,2787205.81
Visakhapatnam,1,1953,4,14,2,1,2389164.81
Mumbai,4,3104,2,6,0,3,4734424.29
Delhi,5,3293,4,16,2,2,5280180.25
Coimbatore,2,2308,1,17,0,1,1553434.87
Jaipur,6,3210,3,18,1,3,4433601.93
Mumbai,5,2570,3,7,0,4,5528446.93
Ahmedabad,6,3630,4,15,1,2,4119025.53
Lucknow,2,1841,3,22,0,1,2000902.53
Hyderabad,1,2276,4,28,2,1,2777588.89
Coimbatore,2,2410,4,2,1,1,2660994.04
Delhi,3,2601,2,12,0,2,3638107.87
Coimbatore,3,2749,3,5,0,3,3108609.32
Mumbai,5,3103,3,17,0,1,4558040.64
Bhopal,3,2422,3,22,1,1,2599539.25
Visakhapatnam,2,2237,2,5,1,3,2668473.78
Bhopal,4,2583,4,7,0,2,3135827.87
Jaipur,2,2575,4,17,2,3,3157778.04
Jaipur,4,2939,1,2,2,3,3419633.2
Lucknow,6,2652,3,8,2,1,3900601.31
Pune,5,3182,3,0,1,1,4243380.84
Chennai,3,2607,1,23,1,4,3432660.19
Bhopal,5,3338,2,19,2,4,3493561.49
Chennai,5,2744,1,29,1,3,3753045.56
Coimbatore,1,1886,3,26,1,1,1970596.0
Jaipur,2,2248,3,6,1,3,3130566.17
Pune,5,3392,3,7,0,1,3977012.34
Delhi,1,2225,2,9,0,4,3173579.94
Ahmedabad,1,1909,4,29,2,2,2425520.55
Pune,3,2765,4,9,2,3,4322247.65
Nagpur,3,2560,2,20,0,2,2266516.51
Pune,6,2775,1,3,1,4,4763836.54
Coimbatore,5,2930,1,17,0,3,3206057.66
Bengaluru,6,2805,1,9,1,4,5216970.01
Bengaluru,1,2633,3,22,0,3,2918071.47
Bhopal,2,2189,3,8,0,2,2167622.21
Mumbai,3,2655,3,27,1,1,3536294.7
Mumbai,2,2548,2,26,1,1,2741703.82
Bengaluru,5,2531,1,28,0,3,4043357.53
Ahmedabad,3,2107,3,1,0,3,3027885.18
Lucknow,2,1942,2,7,0,3,2386783.49
Lucknow,3,2877,4,26,0,2,2711715.52
Bengaluru,4,2643,1,25,0,4,3857625.53
Bengaluru,1,2113,4,20,1,2,3363020.08
Coimbatore,5,3018,4,9,2,3,4350316.84
Mumbai,3,2957,2,15,2,1,3822463.98
Nagpur,4,2466,2,24,0,4,2677376.75
Hyderabad,4,2646,3,19,2,4,4707172.1
Jaipur,2,2390,2,28,0,3,2365856.65
Delhi,4,2772,2,3,2,3,4702906.17
Nagpur,3,2887,4,20,1,1,2723524.85
Hyderabad,4,2583,1,5,1,4,4057173.53
Jaipur,2,2339,3,14,1,2,2727911.44
Ahmedabad,1,2168,4,5,2,1,2788321.7
Delhi,5,2666,1,5,1,4,4981975.97
Kolkata,5,3003,4,18,0,2,4115875.76
Ahmedabad,2,2771,4,24,1,1,2551572.07
Delhi,2,2285,4,25,1,3,3842429.26
Ahmedabad,6,3236,2,10,0,1,3585949.0
Coimbatore,6,3253,4,3,0,4,4650757.47
Delhi,5,2862,1,1,1,2,4379004.92
Mumbai,4,2458,1,18,2,1,3829807.87
Bhopal,5,2741,4,28,1,4,3675258.12
Bhopal,6,3059,1,11,0,2,3033531.65
Visakhapatnam,2,2190,1,11,0,2,1888349.65
Jaipur,5,2504,3,15,1,4,4036986.12
Pune,2,2583,3,15,1,3,3282036.14
Kolkata,6,2744,3,29,0,1,3569045.68
Lucknow,5,2932,4,19,0,3,3700341.96
Bengaluru,3,1856,1,12,0,3,3572619.76
Hyderabad,3,2098,1,24,0,4,3143665.31
Coimbatore,5,2721,4,13,2,3,4439161.38
Coimbatore,4,3023,4,15,1,4,3817686.45
Ahmedabad,2,2433,2,29,1,2,1975979.43
Pune,5,3186,4,10,1,4,5090906.34
Chennai,3,2013,2,0,0,1,2941079.39
Hyderabad,6,2614,1,3,0,4,4774875.99
Bhopal,4,2598,2,27,0,2,2445883.74
Bhopal,4,2541,4,15,2,4,3788688.22
Lucknow,2,2119,4,18,2,4,3085339.31
Ahmedabad,4,2647,4,1,1,2,3806587.41
Chennai,4,2412,1,24,2,4,3801911.7
Visakhapatnam,6,2740,2,20,2,3,3562065.22
Kolkata,5,3155,3,25,0,1,3328627.55
Lucknow,4,2752,3,14,0,4,3415252.92
Coimbatore,1,2084,2,29,2,3,1967488.08
Jaipur,5,2366,1,0,2,1,3615137.35
Pune,4,2070,1,24,2,3,3426377.55
Lucknow,1,2400,3,0,2,1,2356971.5
Jaipur,4,2523,4,7,2,3,4115612.51
Kolkata,3,2039,3,12,1,2,3203175.89
Bengaluru,6,3279,3,27,2,3,5677188.23
Bengaluru,6,2620,4,3,2,2,6173175.64
Lucknow,1,1865,3,9,2,1,2110172.55
Mumbai,4,2560,1,3,0,1,3562601.77
Visakhapatnam,3,2268,3,2,0,3,3018311.12
Mumbai,3,2307,1,2,2,1,3830827.96
Lucknow,2,2147,2,25,2,4,2719707.62
Delhi,2,2322,3,23,2,2,3464120.07
Jaipur,2,1913,1,8,1,1,1972993.45
Chennai,5,2378,2,16,1,4,4265631.67
Nagpur,4,2686,2,5,2,4,3258898.33
Coimbatore,6,2929,2,23,0,3,3332389.49
Bengaluru,6,3245,3,4,0,1,5292492.22
Chennai,4,2577,4,11,1,3,4533405.75
Jaipur,6,2789,2,8,1,4,4399315.74
Jaipur,3,2280,2,5,2,4,3568164.53
Bengaluru,3,2764,4,4,1,3,4867391.38
Ahmedabad,6,2696,1,29,0,3,3314308.17
Visakhapatnam,4,3021,3,10,1,3,3341953.05
Mumbai,1,1834,3,4,2,4,4254692.44
Jaipur,6,2992,2,24,2,2,4045854.82
Ahmedabad,3,2327,2,9,1,1,2531922.95
Bhopal,1,1535,1,4,0,4,2121283.1
Hyderabad,5,2941,1,11,2,4,4695187.72
Delhi,2,2247,3,7,1,2,3533553.32
Bengaluru,1,2154,1,18,0,2,1952117.62
Lucknow,6,2543,1,24,2,1,3342685.68
Hyderabad,5,2701,2,24,1,2,3787453.38
Hyderabad,6,2834,2,20,1,3,4789604.12
Jaipur,6,2704,1,18,2,4,4161805.69
Mumbai,4,2522,3,2,1,2,4700296.1
Nagpur,1,2022,3,2,0,4,2283061.38
Kolkata,3,1984,1,9,1,3,2881989.0
Chennai,4,2523,1,26,1,2,3328788.77
Lucknow,4,2961,2,5,2,4,3975966.28
Hyderabad,2,2154,4,22,0,1,2691955.41
Jaipur,6,3139,3,22,0,1,3632749.33
Hyderabad,1,2387,3,1,1,1,2843749.77
Jaipur,2,2017,1,6,0,4,2366437.68
Mumbai,2,2398,3,12,1,1,3465728.75
Ahmedabad,6,3237,4,13,1,4,4686250.2
Kolkata,6,2229,1,27,2,2,3615403.92
Bengaluru,4,3193,4,24,0,3,4763733.96
Delhi,6,2832,3,25,1,1,4492380.14
Bhopal,6,3110,1,28,1,3,3176269.03
Hyderabad,4,3042,3,24,2,2,4206753.09
Chennai,5,2533,1,1,1,2,4103637.42
Mumbai,6,3593,4,13,0,3,5933778.44
Jaipur,1,2067,4,19,2,2,2901488.03
Chennai,1,2172,2,16,0,2,2096218.38
Jaipur,4,2269,1,22,2,3,3072782.89
Jaipur,5,2590,4,29,0,1,3389564.63
Delhi,1,1910,3,26,2,1,2391817.0
Kolkata,1,2502,2,7,2,4,2975502.57
Bhopal,5,2470,2,6,2,2,3387374.98
Hyderabad,1,2269,2,16,1,1,2280318.43
Jaipur,5,2743,1,18,0,2,2952407.07
Bengaluru,2,2310,1,29,1,1,2413703.6
Jaipur,5,2256,2,19,2,1,3504231.63
Visakhapatnam,1,1809,1,24,1,2,1436389.35
Hyderabad,2,2012,4,14,1,4,4150004.62
Delhi,1,1912,2,26,1,2,2519683.25
Nagpur,1,2045,2,25,1,1,1457830.45
Hyderabad,3,2307,2,4,1,2,3340377.51
Coimbatore,3,2461,2,19,1,2,2827062.08
Lucknow,1,1869,2,1,0,4,2281779.57
Nagpur,2,2243,1,25,1,1,1337976.75
Bengaluru,1,1829,2,28,0,3,2703414.68
Kolkata,6,3246,4,15,2,2,4726092.56
Pune,2,2161,3,9,2,4,3854372.08
Kolkata,2,2846,2,18,2,1,2651745.09
Lucknow,2,2336,4,18,2,1,2562962.83
Bhopal,3,2520,3,17,1,1,2535780.73
Ahmedabad,2,2347,2,18,0,1,1823495.94
Lucknow,3,2315,2,15,1,2,2900480.4
Mumbai,1,2083,2,5,0,2,2536855.56
Bhopal,4,2664,4,2,0,2,3350599.69
Bhopal,1,2400,1,13,2,3,1966586.2
Mumbai,2,2555,4,10,1,3,4211873.56
Lucknow,4,1903,1,22,0,1,2170459.51
Ahmedabad,2,2192,2,10,0,4,2604092.28
Ahmedabad,1,2327,1,14,0,4,2092896.35
Lucknow,5,3481,3,7,1,2,3728375.25
Coimbatore,6,2336,3,2,0,1,3594653.85
Delhi,2,1894,1,15,0,4,2953173.71
Visakhapatnam,2,2183,4,1,0,1,2550052.8
Jaipur,5,3286,4,7,0,4,4427274.96
Chennai,2,2305,4,13,0,4,3694993.55
Delhi,2,2877,4,9,2,2,4389394.74
Bhopal,3,2323,3,11,0,3,2757437.3
Chennai,1,1956,1,28,1,2,1831513.58
Hyderabad,4,3215,4,8,1,2,4609049.42
Nagpur,3,2190,2,14,1,2,2649207.94
Nagpur,6,2709,2,9,2,2,3641733.38
Hyderabad,4,3027,4,18,0,4,4574964.87
Visakhapatnam,4,2259,3,10,0,4,3399135.32
Coimbatore,2,2250,2,15,1,4,2864871.15
Lucknow,2,2172,2,18,2,1,2257567.25
Kolkata,1,1961,1,27,1,1,1405596.83
Kolkata,5,2714,4,17,1,1,3890364.21
Jaipur,4,2429,2,26,0,1,2756117.76
Coimbatore,6,3354,4,18,0,2,3995372.14
Delhi,3,2277,2,6,2,1,3585255.5
Bengaluru,4,2729,3,20,0,4,4721611.11
Visakhapatnam,5,2382,1,22,1,4,3151091.42
Nagpur,2,2040,4,18,0,3,2469851.45
Bhopal,4,2415,1,14,2,1,2543603.55
Kolkata,6,2939,3,6,2,1,4309796.51
Mumbai,4,2574,3,16,2,2,5006924.43
Nagpur,6,3140,1,26,2,3,3269421.72
Coimbatore,1,2160,3,27,0,1,1576292.02
Kolkata,3,2916,4,4,2,1,3552551.76
Delhi,3,2423,2,10,2,1,3665120.52
Ahmedabad,6,2890,2,9,0,3,3877189.02
Pune,5,2884,1,27,2,4,4227810.85
Coimbatore,5,2894,2,22,2,2,3349672.63
Delhi,3,2457,3,8,2,4,4701217.73
Mumbai,1,2251,1,29,1,3,2602120.74
Jaipur,4,2755,1,13,1,3,3123949.62
Jaipur,5,2807,3,28,2,1,3592208.85
Pune,4,2264,1,22,0,4,3224313.02
Chennai,3,2665,1,13,0,2,2593113.13
Mumbai,1,1801,2,1,1,2,3181461.8
Visakhapatnam,2,2016,1,5,1,4,2284981.18
Bhopal,5,2438,2,1,1,3,3289765.55
Kolkata,4,2689,1,4,1,2,3191483.2
Hyderabad,1,2457,2,12,2,3,3159403.81
Kolkata,5,2668,3,15,2,3,4459474.59
Jaipur,5,2906,4,11,1,3,4343552.2
Lucknow,2,2305,3,15,0,3,2581155.9
Pune,4,2746,3,17,1,1,3624137.99
Chennai,3,2599,3,13,1,2,3605579.44
Lucknow,2,1707,3,29,0,2,2024263.58
Visakhapatnam,6,2786,2,25,0,2,3221934.02
Hyderabad,1,1940,3,16,2,2,2952761.38
Jaipur,3,2757,3,6,0,2,3035362.07
Ahmedabad,6,2858,1,1,2,3,4243963.19
Delhi,2,2323,3,8,1,2,3620742.34
Ahmedabad,3,2558,1,9,0,4,2788366.03
Jaipur,2,2362,4,8,1,2,3068368.79
Bengaluru,6,3000,3,6,2,3,6294389.69
Jaipur,3,2254,2,28,2,4,3098882.04
Delhi,6,2454,1,26,2,4,5047801.19
Bengaluru,2,2551,1,29,1,1,2311188.74
Kolkata,5,2487,2,5,1,3,4069414.74
Hyderabad,3,2135,1,14,2,2,3257403.1
Lucknow,5,2399,2,0,1,2,3687518.42
Bengaluru,1,2362,4,12,2,1,3512786.5
Ahmedabad,4,2115,2,11,1,3,3596180.39
Lucknow,5,2905,1,27,2,3,3052443.24
Kolkata,2,2442,4,13,1,4,3582490.45
Delhi,1,2203,3,8,1,3,3258374.09
Mumbai,4,2264,1,29,0,4,3700449.83
Coimbatore,4,2828,4,2,1,2,3619362.17
Nagpur,6,3106,4,15,2,4,4129307.21
Chennai,5,2397,1,2,0,2,3586506.82
Mumbai,4,2638,3,17,0,4,4925644.28
Hyderabad,1,2271,4,0,2,3,3904043.97
Kolkata,2,2351,4,20,2,2,2958210.8
Pune,2,2524,4,15,1,4,3597485.26
Bengaluru,3,2194,3,29,1,4,4199746.81
Pune,1,1898,1,18,0,3,2160189.12
Mumbai,6,3223,4,20,0,3,5667963.81
Kolkata,2,2511,4,18,2,2,3204295.93
Bengaluru,1,2474,3,5,1,1,2987172.65
Lucknow,6,2633,3,12,2,4,4275295.44
Lucknow,4,2657,3,23,2,4,3811260.68
Coimbatore,1,1661,3,24,2,1,2146538.11
Visakhapatnam,3,2182,2,15,2,1,2429982.65
Chennai,3,2662,4,13,2,2,4346788.58
Delhi,2,2098,1,25,1,3,2881253.38
Kolkata,6,3094,3,26,0,3,3949741.78
Mumbai,5,3044,1,11,2,2,4844356.7
Nagpur,6,2896,2,11,0,2,3084543.66
Ahmedabad,3,2400,3,29,2,3,3197972.83
Mumbai,6,3237,3,28,0,3,5306077.56
Visakhapatnam,2,1589,1,15,0,3,1894519.5
Delhi,4,2508,4,22,1,2,4587936.8
Hyderabad,2,1790,2,9,2,2,3023034.7
Visakhapatnam,2,1554,1,5,1,4,2459711.91
Hyderabad,1,1676,2,17,0,4,2405999.64
Delhi,3,2801,3,18,0,4,4255851.89
Lucknow,5,2928,3,1,0,3,3668957.24
Bengaluru,6,3192,1,6,0,2,4774719.15
Visakhapatnam,6,2883,2,6,2,2,3964902.68
Mumbai,2,2513,2,16,0,1,2594501.26
Kolkata,6,2700,1,7,0,1,3318180.49
Nagpur,4,2689,4,21,0,2,2731434.91
Hyderabad,1,1747,1,11,1,1,1813122.69
Mumbai,1,1736,1,2,1,1,2524895.46
Nagpur,1,1604,1,15,2,2,1593284.45
Lucknow,2,2328,2,25,2,3,2559241.8
Bengaluru,1,2382,2,9,2,3,3309918.68
Lucknow,3,2540,3,0,0,2,2859041.69
Ahmedabad,5,2172,1,20,0,1,2527252.62
Ahmedabad,2,2001,2,24,1,2,2337848.15
Nagpur,5,2498,1,21,2,1,2449270.14
Pune,5,3157,4,18,1,2,4350430.33
Jaipur,6,2909,1,8,0,3,3951744.42
Kolkata,4,2023,2,17,2,2,3306753.54
Kolkata,1,2184,3,18,0,4,2724523.66
Hyderabad,5,2569,2,6,1,3,4530778.01
Coimbatore,3,1748,1,5,0,3,2522376.72
Jaipur,1,1730,4,7,1,4,3144041.22
Lucknow,6,2754,3,27,2,4,4194043.44
Pune,5,3085,4,3,1,4,5304631.73
Pune,1,2428,4,23,2,3,3330767.08
Chennai,1,2339,4,25,2,1,2714913.63
Kolkata,4,2923,1,13,0,2,2966977.08
Kolkata,4,2303,1,19,2,2,3084340.44
Hyderabad,3,2347,2,8,1,2,3327330.07
Lucknow,4,2156,1,20,0,4,2822999.8
Coimbatore,4,2549,3,3,2,3,3847030.21
Nagpur,6,2543,4,3,1,4,4469531.36
Bhopal,5,3211,4,24,1,3,3727194.57
Chennai,4,2266,1,3,0,3,3567767.4
Jaipur,4,2454,2,11,2,2,3345391.89
Bengaluru,1,1937,1,25,0,4,2567111.33
Bhopal,1,1857,2,22,1,3,1983708.28
Chennai,3,2478,1,10,0,4,3131952.1
Nagpur,4,2643,2,0,1,4,3245335.68
Jaipur,5,3140,3,25,2,3,4180990.62
Nagpur,5,2965,1,3,0,4,3319192.41
Hyderabad,4,2767,4,1,1,4,5190623.05
Jaipur,4,2721,1,21,0,2,2595117.02
Ahmedabad,6,2866,3,12,2,2,4203169.72
Jaipur,4,2761,2,19,1,4,3547963.29
Jaipur,1,2328,4,1,2,4,3247643.79
Jaipur,5,2722,2,14,2,1,3552090.94
Kolkata,3,2976,4,19,2,4,3879540.65
Lucknow,6,2782,3,9,1,3,4212144.19
Bengaluru,1,1991,1,1,0,3,2623063.32
Delhi,6,3060,1,26,2,3,4893432.14
Kolkata,1,1796,4,2,1,3,2801315.04
Kolkata,3,2518,1,7,2,2,3013666.35
Pune,2,2625,3,26,2,1,2818469.63
Coimbatore,1,2220,3,5,0,3,2225358.98
Chennai,1,2283,3,1,0,4,3324996.33
Bhopal,4,2744,4,10,1,1,3306416.21
